Industry,Product Name,Short Description,Overview,Features
Business Services,Transaction Monitoring System,A real-time system that monitors financial transactions to detect suspicious activities and ensure compliance.,"The Transaction Monitoring System is a vital tool for financial institutions to meet anti-money laundering (AML) and counter-terrorism financing (CTF) regulations. It analyzes transactions as they occur, using rule-based logic and machine learning to flag potential risks, enabling swift investigation and reporting by compliance teams.",Real-time transaction analysis;Rule-based detection;Machine learning anomaly detection;Alert generation and management;Integration with core banking systems;Customizable detection scenarios;Audit trails and logging;Regulatory compliance reporting;Investigator-friendly interface;Scalable for high volumes
Business Services,Sanctions Screening Tool,A tool that screens transactions and customers against global sanctions lists.,"The Sanctions Screening Tool is essential for preventing transactions with sanctioned entities. It checks customers, counterparties, and transactions against up-to-date sanctions lists from various jurisdictions, offering real-time and batch processing.",Real-time and batch screening;Support for multiple sanctions lists;Configurable matching rules;Alert management system;Integration with transaction systems;Historical screening capabilities;Reporting and analytics;User-friendly interface;Automated list updates;API for external queries
Business Services,AML Compliance Suite,A comprehensive suite for managing anti-money laundering compliance.,"This suite provides an end-to-end solution for financial institutions to manage AML risks, including customer due diligence, transaction monitoring, sanctions screening, and regulatory reporting.",Customer due diligence workflows;Transaction monitoring;Sanctions screening;Regulatory reporting;Risk assessment tools;Case management;Audit trails;Compliance dashboard;Integration with core systems;Customizable workflows
Business Services,Regulatory Reporting Engine,An engine that automates the creation and submission of regulatory reports.,"This engine streamlines reporting for financial institutions by automating data collection, validation, and submission to regulatory bodies, supporting multiple report types and jurisdictions.",Automated data collection;Report generation for multiple regulators;Validation rules engine;Submission tracking;Audit trails;Customizable report templates;Integration with data sources;Real-time status updates;Error resolution tools;Compliance monitoring
Business Services,KYC Verification Platform,A platform that streamlines Know Your Customer (KYC) verification processes.,"This platform centralizes customer identity verification, document collection, and risk assessment, enabling efficient onboarding while meeting regulatory requirements.",Document upload and verification;Identity verification services;Risk scoring;Customer profile management;Workflow automation;Integration with third-party data providers;Audit logging;Compliance checks;User-friendly interface;API connectivity
Business Services,Identity Verification Service,A secure service that verifies customer identities to prevent fraud and ensure regulatory adherence.,"This service authenticates customer identities using biometric and document verification technologies, reducing onboarding delays and fraud risks.",Biometric authentication;Document scanning and validation;Real-time fraud checks;Integration with global ID databases;Customizable verification workflows;Audit logs;Compliance with data privacy laws;Mobile and web support;API connectivity;Risk scoring
Business Services,Fraud Detection Analytics,An analytics platform that detects fraudulent activities across financial transactions.,"This platform uses machine learning and behavioral analysis to identify fraud patterns, enabling proactive prevention of losses and customer protection.",Machine learning models;Behavioral analytics;Real-time alerts;Transaction scoring;Customizable detection rules;Integration with transaction systems;Case management;Reporting and dashboards;Historical data analysis;API support
Business Services,Biometric Authentication System,A system that uses biometric data for secure customer authentication.,"This system enhances security by using fingerprints, facial recognition, or voice patterns to verify identities, reducing reliance on passwords and improving user experience.",Multi-modal biometrics;Liveness detection;Integration with mobile and web apps;Secure data storage;Compliance with privacy laws;User enrollment and management;Real-time authentication;API connectivity;Scalability;Customizable thresholds
Business Services,Account Takeover Prevention,A tool that prevents unauthorized access to customer accounts.,"This tool uses behavioral biometrics, device intelligence, and anomaly detection to identify and block unauthorized access attempts, protecting customer accounts.",Behavioral biometrics;Device fingerprinting;Anomaly detection;Real-time alerts;Integration with authentication systems;User behavior profiling;Risk scoring;API support;Customizable rules;Reporting and analytics
Business Services,Device Fingerprinting Tool,A tool that identifies and tracks devices used in financial transactions.,"This tool collects and analyzes device attributes to create unique identifiers, helping detect fraudulent activities and enhance security measures.",Device attribute collection;Unique device identifiers;Integration with fraud detection systems;Real-time device recognition;Historical device tracking;API connectivity;Customizable data points;Secure data handling;Compliance with privacy laws;Analytics dashboard
Business Services,Credit Risk Evaluator,A solution that assesses credit risk for loan approvals and portfolio management.,"This evaluator provides detailed risk profiles for borrowers, integrating credit scores, financial history, and market data to support lending decisions and minimize defaults.",Credit score integration;Financial history analysis;Market data incorporation;Risk scoring models;Portfolio monitoring;Regulatory compliance checks;Decision support dashboard;API for loan systems;Historical trend analysis;Customizable risk thresholds
Business Services,Loan Origination System,A system that automates the loan application and approval process.,"This system streamlines the loan lifecycle, from application to disbursement, using automated workflows, credit checks, and document management.",Online application portal;Automated credit checks;Document upload and verification;Workflow automation;Decision engine;Integration with core systems;Compliance checks;Real-time status updates;Customer communication tools;Analytics and reporting
Business Services,Portfolio Risk Analyzer,An analyzer that assesses and manages risks across loan portfolios.,"This analyzer provides insights into risk distribution, enabling identification of concentrations, stress testing, and capital allocation optimization.",Risk concentration analysis;Stress testing;Capital adequacy assessment;Portfolio segmentation;Scenario modeling;Integration with loan data;Regulatory reporting;Customizable dashboards;Alert system;API connectivity
Business Services,Credit Scoring Model,A model that generates credit scores for borrowers based on various data points.,"This model uses machine learning and statistical techniques to evaluate creditworthiness, incorporating traditional and alternative data sources.",Machine learning algorithms;Alternative data integration;Customizable scoring criteria;Real-time scoring;Model validation tools;Integration with loan systems;Audit trails;Compliance with fair lending laws;Performance monitoring;API support
Business Services,Default Prediction Engine,An engine that predicts the likelihood of borrower defaults.,"This engine uses predictive analytics to identify high-risk borrowers, enabling proactive interventions and better risk management.",Predictive analytics;Borrower behavior analysis;Early warning indicators;Integration with loan data;Real-time alerts;Customizable prediction models;Reporting and dashboards;API connectivity;Historical data analysis;Compliance tools
Business Services,Payment Gateway Enhancer,A tool that optimizes payment processing for efficiency and security.,"This enhancer improves transaction speed and security by integrating fraud detection, real-time settlement, and multi-currency support.",Fraud detection integration;Real-time settlement;Multi-currency support;Transaction analytics;Security protocol compliance;Customizable payment rules;API for e-commerce platforms;User transaction dashboard;Scalable processing;Error reduction tools
Business Services,Real-time Payments Processor,A processor that enables instant payment transactions.,"This processor facilitates immediate fund transfers between accounts, supporting various payment methods and ensuring compliance with industry standards.",Instant fund transfers;Support for multiple payment methods;Integration with banking systems;Real-time transaction monitoring;Fraud detection;Compliance with payment standards;API connectivity;User-friendly interface;Transaction reporting;Scalability
Business Services,Cross-border Payments Optimizer,A tool that streamlines international payment processes.,"This optimizer reduces costs and processing times for international transactions by optimizing routing, currency conversion, and compliance checks.",Optimized payment routing;Currency conversion;Compliance screening;Real-time exchange rates;Integration with global payment networks;Transaction tracking;Cost reduction analytics;API support;User dashboard;Regulatory reporting
Business Services,Payment Reconciliation Tool,A tool that automates the reconciliation of payment transactions.,"This tool matches payment records with bank statements and accounting systems, identifying discrepancies and ensuring accurate financial reporting.",Automated matching;Discrepancy identification;Integration with accounting systems;Real-time reconciliation;Customizable matching rules;Audit trails;Reporting and analytics;User-friendly interface;API connectivity;Scalability
Business Services,Digital Wallet Integration,A solution that integrates digital wallets with payment systems.,"This integration enables businesses to accept payments from various digital wallets, enhancing customer convenience and expanding payment options.",Support for multiple digital wallets;Seamless integration with payment gateways;Real-time transaction processing;Security compliance;User authentication;Transaction reporting;API connectivity;Customizable settings;Scalability;Customer support tools
Business Services,Enterprise Risk Management Platform,A platform that provides a holistic view of enterprise risks.,"This platform integrates data from across the organization to assess, monitor, and mitigate risks, supporting strategic decision-making and regulatory compliance.",Risk identification and assessment;Risk monitoring dashboards;Integration with business systems;Scenario analysis;Compliance management;Reporting and analytics;Customizable risk frameworks;API connectivity;User access controls;Audit trails
Business Services,Operational Risk Dashboard,A dashboard that visualizes operational risks in real-time.,"This dashboard provides a centralized view of operational risks, enabling monitoring of key risk indicators and effective implementation of controls.",Real-time risk monitoring;Key risk indicator tracking;Incident management;Control effectiveness assessment;Integration with operational systems;Customizable dashboards;Alert system;Reporting tools;API support;User-friendly interface
Business Services,Compliance Risk Assessor,A tool that evaluates compliance risks across the organization.,This assessor identifies and prioritizes compliance risks by mapping regulations to business processes and assessing control effectiveness.,Regulatory mapping;Control assessment;Risk scoring;Gap analysis;Integration with compliance databases;Customizable assessment templates;Reporting and analytics;API connectivity;User access controls;Audit logging
Business Services,Debt Collection Automation,A system that automates debt collection processes.,"This system streamlines collection by automating communications, payment plans, and account management, improving efficiency and recovery rates.",Automated communication workflows;Payment plan management;Account segmentation;Integration with CRM systems;Real-time account updates;Compliance with collection laws;Reporting and analytics;API connectivity;User-friendly interface;Scalability
Business Services,Recovery Analytics Suite,An analytics suite that optimizes debt recovery strategies.,"This suite uses data analytics to identify effective recovery strategies, predict payment behaviors, and optimize resource allocation for collections teams.",Predictive analytics;Behavioral modeling;Strategy optimization;Integration with collection systems;Real-time dashboards;Customizable reports;API support;User access controls;Compliance tools;Scalability
Insurance,Auto Policy Quoting Engine,An automated engine that generates accurate and competitive quotes for auto insurance policies.,"This engine simplifies quoting by integrating risk data like driving history and vehicle details, delivering fast and precise premium calculations.",Motor vehicle record integration;Real-time risk assessment;Customizable rating factors;Multiple coverage options;Automated quote generation;CRM integration;State regulation compliance;Pricing optimization analytics;Agent/customer UI;Third-party API support
Insurance,Telematics Policy Manager,A system that manages auto insurance policies using telematics data.,"This manager leverages driving behavior data from telematics devices to tailor premiums and improve risk assessment, offering personalized insurance solutions.",Telematics data integration;Driving behavior analysis;Premium customization;Risk assessment tools;Real-time data processing;Customer portal access;Compliance with privacy laws;Analytics for driver trends;API support;Policy adjustment workflows
Insurance,Usage-based Insurance Platform,A platform that offers pay-per-mile or pay-per-use auto insurance.,"This platform calculates premiums based on actual vehicle usage, using data from connected devices to provide fair and flexible insurance options.",Usage data collection;Premium calculation engine;Integration with telematics;Customer self-service portal;Real-time usage tracking;Compliance with insurance regulations;Analytics for usage patterns;API connectivity;Customizable pricing models;User-friendly interface
Insurance,Auto Claims Processing System,A system that automates the processing of auto insurance claims.,This system streamlines the claims lifecycle using AI-driven assessments and integrated workflows to reduce processing time and improve accuracy.,AI damage assessment;Online claim submission;Real-time status tracking;Payment processing;Document management;Fraud detection;Customer communication tools;Regulatory compliance;Analytics dashboard;Integration with insurer systems
Insurance,Driver Behavior Analytics,An analytics tool that evaluates driver behavior for risk assessment.,"This tool uses telematics data to assess driving habits, enabling insurers to refine risk models and offer behavior-based discounts or interventions.",Telematics data analysis;Behavior scoring;Risk profiling;Integration with policy systems;Real-time monitoring;Customer feedback tools;Compliance with privacy laws;Analytics dashboard;API support;Customizable metrics
Insurance,Commercial Risk Assessor,A tool that evaluates risks for commercial insurance policies.,"This assessor analyzes business data, property details, and industry trends to provide accurate risk profiles for commercial clients.",Business data analysis;Property risk evaluation;Industry trend integration;Risk scoring;Pricing engine;Underwriting workflow support;Compliance reporting;Analytics for risk trends;API connectivity;Customizable assessment models
Insurance,Business Interruption Insurance Tool,A tool that calculates coverage for business interruption risks.,"This tool assesses and prices coverage for losses due to business disruptions, using financial data and scenario modeling.",Financial data integration;Scenario modeling;Coverage calculation engine;Integration with policy systems;Real-time updates;Compliance with insurance standards;Analytics for loss trends;API support;User-friendly interface;Customizable parameters
Insurance,Liability Coverage Calculator,A calculator that determines liability insurance needs for businesses.,"This calculator evaluates potential liability risks based on business activities, assets, and industry standards.",Risk assessment questionnaires;Industry-specific risk factors;Coverage recommendation engine;Integration with underwriting systems;Real-time calculations;Compliance checks;Analytics for liability trends;API connectivity;User-friendly interface;Customizable risk models
Insurance,Property Insurance Underwriting,A system that automates underwriting for commercial property insurance.,"This system streamlines underwriting by integrating property data, risk assessments, and policy terms for faster policy issuance.",Property data integration;Risk assessment tools;Automated underwriting workflows;Integration with policy administration;Real-time decisioning;Compliance with regulations;Analytics for property risks;API support;User-friendly interface;Customizable rules
Insurance,Workers' Compensation Manager,A manager that handles workers' compensation insurance processes.,"This manager automates administration of workers' compensation policies, including premium calculations and claims processing.",Premium calculation engine;Claims processing workflows;Integration with payroll systems;Real-time status tracking;Compliance with state regulations;Analytics for claims trends;API connectivity;User-friendly interface;Customizable settings;Audit logging
Insurance,Home Claims Automation,A system that automates home insurance claims processing for faster resolutions.,"Home Claims Automation streamlines the claims lifecycle, from submission to settlement, using AI-driven damage assessments and integrated customer portals. It reduces processing time and improves policyholder satisfaction.",AI damage evaluation;Online claim submission;Real-time status tracking;Payment processing;Document management;Fraud detection algorithms;Customer self-service portal;Regulatory compliance checks;Analytics dashboard;Integration with insurer systems
Insurance,Property Valuation Tool,A tool that accurately values properties for insurance purposes.,This tool uses data from multiple sources to provide precise valuations for underwriting and claims adjustment.,Market data integration;Property characteristic analysis;Valuation calculation engine;Integration with policy systems;Real-time updates;Compliance with appraisal standards;Analytics for valuation trends;API support;User-friendly interface;Customizable valuation models
Insurance,Home Insurance Policy Manager,A manager that handles the lifecycle of home insurance policies.,"This manager centralizes policy administration, integrating customer data, coverage options, and billing.",Policy issuance workflows;Customer data management;Coverage customization;Billing and payment processing;Integration with CRM systems;Real-time policy updates;Compliance with regulations;Analytics for policy trends;API connectivity;User-friendly interface
Insurance,Natural Disaster Risk Model,A model that assesses risks from natural disasters for home insurance.,"This model uses geographic and meteorological data to evaluate disaster likelihood and impact, aiding in pricing and exposure management.",Geographic data integration;Meteorological data analysis;Historical disaster data;Risk scoring;Exposure management tools;Integration with underwriting systems;Real-time updates;Compliance with modeling standards;Analytics dashboard;API support
Insurance,Smart Home Integration for Insurance,A solution that integrates smart home devices with insurance policies.,"This integration leverages IoT device data to monitor home safety, prevent losses, and offer premium discounts.",IoT device data integration;Real-time monitoring;Loss prevention alerts;Premium discount calculations;Integration with policy systems;Customer portal access;Compliance with privacy laws;Analytics for device usage;API connectivity;User-friendly interface
Insurance,Life Underwriting Assistant,An assistant that streamlines life insurance underwriting with data-driven insights.,"This assistant automates risk assessment by integrating medical records and actuarial models, speeding up approvals.",Medical record integration;Lifestyle data analysis;Actuarial model support;Automated risk scoring;Decision support tools;Compliance with regulations;Underwriting workflow;Analytics dashboard;API for portals;Audit logging
Insurance,Mortality Risk Predictor,A predictor that estimates mortality risks for life insurance applicants.,This predictor uses analytics and demographic data to assess longevity for accurate premium calculations.,Demographic data integration;Advanced analytics;Risk scoring;Integration with underwriting systems;Real-time predictions;Compliance with actuarial standards;Analytics for mortality trends;API support;User-friendly interface;Customizable models
Insurance,Policy Administration System,A system that manages the administration of life insurance policies.,"This system handles the policy lifecycle, integrating customer data, billing, and compliance.",Policy application workflows;Customer data management;Billing and payment processing;Claims processing;Integration with CRM systems;Real-time policy updates;Compliance with regulations;Analytics for policy performance;API connectivity;User-friendly interface
Insurance,Beneficiary Management Tool,A tool that manages beneficiary designations and updates for life insurance policies.,"This tool simplifies designating and updating beneficiaries, ensuring accuracy and compliance.",Beneficiary designation workflows;Document management;Integration with policy systems;Real-time updates;Compliance checks;Customer portal access;Analytics for beneficiary trends;API support;User-friendly interface;Audit logging
Insurance,Life Insurance Investment Analyzer,An analyzer that evaluates investment options within life insurance policies.,"This analyzer provides insights into investment performance and risks, aiding decision-making.",Investment performance tracking;Risk assessment tools;Integration with policy data;Real-time market data;Compliance with investment regulations;Analytics dashboard;API connectivity;User-friendly interface;Customizable reports;Educational resources
Insurance,OEM Insurance Integration,A solution that integrates insurance offerings with automaker services.,This integration enables automakers to offer branded insurance products using vehicle data.,Vehicle data integration;Customizable insurance products;Integration with automaker systems;Real-time quotes;Claims processing;Customer portal access;Compliance with insurance regulations;Analytics for product performance;API support;User-friendly interface
Insurance,Vehicle Telematics Data Platform,A platform that collects and analyzes vehicle telematics data for insurance purposes.,This platform aggregates data from connected vehicles to assess driving behavior and support usage-based insurance.,Telematics data collection;Driving behavior analysis;Integration with insurance systems;Real-time data processing;Compliance with privacy laws;Analytics dashboard;API connectivity;User-friendly interface;Customizable data points;Scalability
Insurance,Warranty Claims Processor,A processor that automates warranty claims for automakers.,"This processor streamlines submission, validation, and payment of warranty claims.",Automated claim submission;Validation rules engine;Payment processing;Integration with dealer systems;Real-time status tracking;Compliance with warranty terms;Analytics for claim trends;API support;User-friendly interface;Audit logging
Insurance,Recall Management System,A system that manages vehicle recall processes for automakers.,"This system coordinates recall campaigns, ensuring compliance and minimizing disruption.",Recall identification tools;Campaign management workflows;Integration with dealer systems;Customer notification tools;Real-time progress tracking;Compliance with safety regulations;Analytics for recall effectiveness;API connectivity;User-friendly interface;Document management
Insurance,Connected Car Insurance Solutions,Solutions that leverage connected car data for insurance products.,"These solutions use real-time vehicle data to offer dynamic insurance products, enhancing engagement and risk management.",Real-time vehicle data integration;Dynamic premium calculation;Integration with insurance systems;Customer portal access;Compliance with privacy laws;Analytics for driving patterns;API support;User-friendly interface;Customizable product offerings;Scalability
Government and Law Enforcement,Identity Assurance Platform,A platform that ensures secure identity verification for government services.,"This platform authenticates citizens accessing services using biometrics and document checks, reducing fraud and enhancing security across public systems.",Biometric verification;Document authentication;Real-time identity checks;Government database integration;Fraud prevention tools;Secure data handling;Audit trails;Privacy law compliance;Multi-channel support;API connectivity
Government and Law Enforcement,Biometric Identity Verification,A system that uses biometrics for citizen identity verification.,"This system enhances security using fingerprints, facial recognition, or iris scans to confirm identities.",Multi-modal biometrics;Liveness detection;Integration with government systems;Real-time verification;Secure data storage;Compliance with privacy laws;User enrollment and management;API support;Scalability;Customizable thresholds
Government and Law Enforcement,Digital Identity Wallet,A wallet that stores and manages digital identities for citizens.,This wallet allows citizens to securely store and share identity credentials for accessing services.,Secure credential storage;Identity sharing controls;Integration with service providers;Real-time updates;Compliance with privacy laws;User-friendly mobile app;API connectivity;Audit logging;Multi-factor authentication;Customizable settings
Government and Law Enforcement,Identity Proofing Service,A service that verifies identities for government programs.,"This service uses multiple data sources to confirm citizen identities, ensuring eligibility and preventing fraud.",Data source integration;Verification workflows;Real-time proofing;Integration with government systems;Fraud detection;Compliance with identity standards;Analytics dashboard;API support;User-friendly interface;Audit trails
Government and Law Enforcement,Identity Federation System,A system that enables secure identity sharing across government agencies.,"This system allows agencies to share and trust identity credentials, streamlining service access.",Single sign-on capabilities;Credential sharing protocols;Integration with agency systems;Real-time authentication;Compliance with security standards;Audit logging;User access controls;API connectivity;Scalability;Customizable policies
Government and Law Enforcement,Secure Credentialing Solution,A solution for issuing and managing secure government credentials.,"This solution handles issuance, renewal, and revocation of credentials, ensuring security and compliance.",Credential issuance workflows;Biometric enrollment;Integration with government databases;Real-time status tracking;Compliance with security standards;Analytics for credential usage;API support;User-friendly interface;Audit logging;Customizable templates
Government and Law Enforcement,Fraud Detection for Public Benefits,A tool that identifies fraudulent claims in public benefits programs.,"This tool uses analytics and cross-referencing to spot irregularities in applications and payments, helping agencies safeguard funds and maintain program integrity.",Application data analysis;Payment anomaly detection;Integration with citizen databases;Real-time alerts;Case management tools;Audit reporting;Secure data encryption;Behavioral pattern recognition;Multi-agency data sharing;Compliance with privacy laws
Government and Law Enforcement,Tax Fraud Analytics,An analytics platform that detects tax fraud and evasion.,"This platform uses machine learning to identify suspicious tax filings, aiding revenue recovery.",Machine learning models;Data mining techniques;Real-time alerts;Integration with tax systems;Case management;Audit trails;Compliance with tax laws;Analytics dashboard;API support;User-friendly interface
Government and Law Enforcement,Grant Fraud Prevention,A system that prevents fraud in government grant programs.,This system monitors applications and disbursements for fraud using rule-based logic and anomaly detection.,Application screening;Disbursement monitoring;Rule-based detection;Anomaly detection;Integration with grant systems;Real-time alerts;Case management;Compliance reporting;API connectivity;User access controls
Government and Law Enforcement,Identity Theft Protection for Citizens,A service that helps citizens protect against identity theft.,"This service provides monitoring, alerts, and recovery assistance to safeguard personal information.",Identity monitoring;Real-time alerts;Recovery assistance;Integration with credit bureaus;Educational resources;Customer support;Compliance with privacy laws;Analytics for theft trends;API support;User-friendly portal
Government and Law Enforcement,Procurement Fraud Detector,A detector that identifies fraud in government procurement processes.,"This detector analyzes procurement data for fraud patterns, ensuring fair and transparent procurement.",Procurement data analysis;Pattern recognition;Real-time alerts;Integration with procurement systems;Case management;Audit trails;Compliance with procurement laws;Analytics dashboard;API connectivity;User-friendly interface
Government and Law Enforcement,Social Services Fraud Investigator,An investigator tool for detecting fraud in social services programs.,This tool uses analytics and cross-program checks to identify fraudulent claims and misuse.,Cross-program data analysis;Fraud scoring;Real-time alerts;Integration with social services systems;Case management;Compliance reporting;Secure data handling;Analytics for fraud trends;API support;User access controls
Government and Law Enforcement,Criminal Network Analyzer,An investigative tool that maps and analyzes criminal networks.,"This analyzer visualizes relationships within criminal groups, aiding in uncovering key players and patterns.",Graph-based visualization;Entity linking;Law enforcement database integration;Advanced search tools;Pattern detection;Team collaboration features;Case management;Data import flexibility;Secure access controls;Court-ready exports
Government and Law Enforcement,Crime Pattern Analysis Tool,A tool that analyzes crime data to identify patterns and trends.,This tool uses statistical and geospatial analysis to detect crime hotspots and support resource allocation.,Statistical analysis;Geospatial mapping;Real-time data integration;Predictive modeling;Integration with crime databases;Customizable dashboards;Alert system;Reporting tools;API connectivity;User-friendly interface
Government and Law Enforcement,Forensic Data Analytics,An analytics platform for processing forensic data in investigations.,This platform processes digital evidence using advanced search and machine learning to uncover relevant information.,Advanced search capabilities;Machine learning for data classification;Integration with forensic tools;Real-time processing;Secure data storage;Compliance with legal standards;Analytics dashboard;API support;User access controls;Audit logging
Government and Law Enforcement,Digital Evidence Management,A system that manages digital evidence for law enforcement.,"This system securely stores and tracks digital evidence, ensuring chain of custody and facilitating collaboration.",Secure evidence storage;Chain of custody tracking;Integration with forensic tools;Real-time access;Compliance with legal standards;Analytics for evidence usage;API connectivity;User-friendly interface;Customizable metadata;Audit trails
Government and Law Enforcement,Investigative Case Management,A management system for tracking and organizing investigative cases.,"This system provides a centralized platform for managing case details and workflows, improving efficiency.",Case detail management;Evidence linking;Workflow automation;Integration with law enforcement systems;Real-time updates;Compliance with legal standards;Analytics for case trends;API support;User access controls;Customizable templates
Government and Law Enforcement,Predictive Policing Platform,A platform that uses data to predict and prevent crime.,"This platform analyzes historical data to forecast crime risks, enabling proactive resource deployment.",Predictive analytics;Geospatial mapping;Integration with crime databases;Real-time risk assessments;Compliance with privacy laws;Analytics dashboard;API connectivity;User-friendly interface;Customizable models;Reporting tools
Government and Law Enforcement,Criminal Intelligence Database,A database that centralizes criminal intelligence for law enforcement.,"This database aggregates data to provide a comprehensive view of criminal activities, supporting investigations.",Data aggregation;Advanced search tools;Integration with law enforcement systems;Real-time updates;Secure data handling;Compliance with privacy laws;Analytics for intelligence trends;API support;User access controls;Customizable data fields
Government and Law Enforcement,Traffic Incident Reporter,An automated system for reporting and analyzing traffic incidents.,"This reporter streamlines crash documentation, integrating camera data and public reports.",Camera data integration;Public report processing;Incident documentation;Real-time updates;Analytics for safety trends;Compliance reporting;Secure storage;User-friendly interface;API for agency systems;Mapping tools
Government and Law Enforcement,Automated Crash Reporting System,A system that automates the reporting of vehicle crashes.,"This system uses data from connected vehicles to generate accurate crash reports, reducing paperwork.",Connected vehicle data integration;Sensor data analysis;Automated report generation;Integration with law enforcement systems;Real-time notifications;Compliance with reporting standards;Analytics for crash trends;API support;User-friendly interface;Customizable report templates
Government and Law Enforcement,Public Safety Data Analytics,An analytics platform for public safety data.,"This platform processes data to provide insights into public safety trends, supporting decision-making.",Data aggregation;Statistical analysis;Geospatial mapping;Real-time dashboards;Integration with public safety systems;Compliance with data standards;Analytics for trend forecasting;API connectivity;User access controls;Customizable reports
Government and Law Enforcement,Emergency Response Coordination,A coordination tool for managing emergency response efforts.,"This tool facilitates communication and resource management among first responders, improving response times.",Real-time communication tools;Resource tracking;Integration with dispatch systems;Incident command workflows;Compliance with emergency protocols;Analytics for response performance;API support;User-friendly interface;Secure data handling;Customizable alerts
Government and Law Enforcement,Traffic Violation Processing,A system that automates the processing of traffic violations.,"This system streamlines issuance, payment, and adjudication of traffic tickets, improving compliance.",Automated ticket issuance;Payment processing;Integration with court systems;Real-time status tracking;Compliance with traffic laws;Analytics for violation trends;API connectivity;User-friendly portal;Customizable workflows;Audit logging
Government and Law Enforcement,Road Safety Analytics,An analytics tool for assessing and improving road safety.,This tool uses crash and traffic data to identify safety risks and recommend improvements.,Crash data analysis;Traffic pattern evaluation;Infrastructure assessment;Risk scoring;Integration with transportation systems;Real-time updates;Compliance with safety standards;Analytics dashboard;API support;User-friendly interface
Healthcare,Clinical Trial Manager,A platform that manages data and workflows for clinical trials efficiently.,"This manager centralizes trial data collection, patient tracking, and regulatory reporting, enabling researchers to monitor progress and ensure compliance across multiple sites.","Electronic data capture;Patient recruitment tracking;Adverse event monitoring;Data validation;Lab system integration;Regulatory compliance (FDA, EMA);Real-time monitoring;Statistical tools;Secure storage;Site collaboration portal"
Healthcare,Drug Discovery Analytics,An analytics platform that accelerates drug discovery processes.,"This platform uses machine learning to identify drug candidates and optimize trial designs, reducing costs.",Machine learning algorithms;Big data integration;Predictive modeling;Integration with research databases;Real-time analytics;Compliance with research standards;Analytics dashboard;API support;User-friendly interface;Customizable workflows
Healthcare,Genomic Data Analysis Platform,A platform for analyzing genomic data in life sciences research.,"This platform processes genomic sequences, supporting identification of genetic markers and personalized medicine.",Sequence analysis tools;Variant calling;Integration with genomic databases;Real-time processing;Compliance with data standards;Analytics for genetic trends;API connectivity;User access controls;Customizable pipelines;Secure data storage
Healthcare,Regulatory Submission Tracker,A tracker that manages regulatory submissions for pharmaceutical products.,"This tracker streamlines preparation and tracking of regulatory documents, ensuring compliance.",Document management;Submission workflows;Integration with regulatory systems;Real-time status tracking;Compliance checks;Analytics for submission performance;API support;User-friendly interface;Customizable templates;Audit logging
Healthcare,Pharmacovigilance System,A system that monitors drug safety and adverse events.,"This system collects and analyzes adverse event data, ensuring drug safety and regulatory compliance.",Adverse event reporting;Data analysis tools;Integration with clinical systems;Real-time monitoring;Compliance with pharmacovigilance standards;Analytics dashboard;API connectivity;User access controls;Customizable reports;Secure data handling
Healthcare,Biotech Research Collaboration Tool,A tool that facilitates collaboration in biotech research projects.,"This tool provides a platform for data sharing and project management, enhancing productivity in biotech research.",Project management;Data sharing capabilities;Communication tools;Integration with research systems;Real-time updates;Compliance with data standards;Analytics for project performance;API support;User-friendly interface;Secure access controls
Healthcare,Payer Claims Analyzer,A system that analyzes health insurance claims for accuracy and efficiency.,"This analyzer reviews claims data to detect errors, fraud, and trends, enabling payers to process payments faster and improve financial oversight.",Claims data analysis;Fraud detection;Error identification;Payment processing support;Analytics dashboard;Regulatory compliance;Secure data handling;Real-time processing;API integration;Audit reporting
Healthcare,Health Plan Management System,A system that manages health insurance plans and policies.,"This system handles plan design and administration, optimizing offerings and member satisfaction.",Plan design tools;Enrollment management;Integration with member systems;Real-time updates;Compliance with insurance regulations;Analytics for plan performance;API connectivity;User-friendly interface;Customizable plan options;Audit logging
Healthcare,Member Enrollment Platform,A platform that streamlines member enrollment for health insurance.,"This platform automates enrollment, ensuring accuracy and compliance.",Online enrollment portal;Automated workflows;Integration with payer systems;Real-time status tracking;Compliance checks;Analytics for enrollment trends;API support;User-friendly interface;Customizable forms;Secure data handling
Healthcare,Provider Network Manager,A manager that oversees provider networks for health insurers.,"This manager handles provider contracting and performance monitoring, optimizing network quality.",Provider contracting workflows;Credentialing management;Performance monitoring;Integration with claims systems;Real-time updates;Compliance with regulations;Analytics for network performance;API connectivity;User access controls;Customizable dashboards
Healthcare,Utilization Review Tool,A tool that evaluates the appropriateness of medical services for reimbursement.,"This tool assesses medical necessity, supporting cost management and quality care.",Medical necessity criteria;Service appropriateness assessment;Integration with claims systems;Real-time reviews;Compliance with utilization standards;Analytics for service trends;API support;User-friendly interface;Customizable rules;Audit logging
Healthcare,Pharmacy Stock Predictor,A predictive tool that optimizes pharmacy inventory based on demand trends.,"This predictor forecasts medication needs, avoiding shortages and reducing waste.",Demand forecasting;Automated reorder alerts;Expiration tracking;Supplier management;POS integration;Inventory turnover analytics;Stock level reports;Mobile access;Barcode scanning;Regulatory adherence
Healthcare,Prescription Management System,A system that manages prescription orders and fulfillment.,"This system streamlines the prescription process, ensuring accuracy and efficiency.",Order entry workflows;Dispensing management;Integration with EHR systems;Real-time inventory updates;Compliance with pharmacy regulations;Analytics for prescription trends;API support;User-friendly interface;Customizable settings;Audit logging
Healthcare,Drug Interaction Checker,A system that identifies potential drug interactions for patient safety.,"This checker analyzes prescriptions to flag risks, supporting safer care.",Prescription analysis;Patient profile integration;Interaction risk flagging;Real-time alerts;Compliance with standards;Analytics for trends;Secure data storage;User interface;API connectivity;Educational resources
Healthcare,Pharmacy Benefit Manager,A manager that administers pharmacy benefits for health plans.,"This manager handles formulary and claims, optimizing benefits and costs.",Formulary management;Claims processing;Network management;Integration with payer systems;Real-time updates;Compliance with regulations;Analytics for benefit performance;API support;User-friendly interface;Customizable benefit designs
Healthcare,Medication Adherence Tracker,A tracker that monitors patient adherence to medication regimens.,"This tracker assesses compliance, enabling interventions to improve outcomes.",Data integration from pharmacies and devices;Adherence scoring;Real-time alerts;Integration with care management systems;Compliance with privacy laws;Analytics for adherence trends;API connectivity;User-friendly portal;Customizable interventions;Educational resources
Healthcare,e-Prescribing Integration,A solution that integrates electronic prescribing with pharmacy systems.,"This integration enables seamless prescription transmission, reducing errors.",Secure prescription transmission;Integration with EHR and pharmacy systems;Real-time order processing;Compliance with e-prescribing standards;Analytics for prescribing patterns;API support;User-friendly interface;Audit logging;Customizable workflows;Secure data handling
Healthcare,Provider Workflow Optimizer,A tool that streamlines workflows for healthcare providers.,"This optimizer integrates scheduling, records, and billing to enhance efficiency.",Patient scheduling;Electronic records integration;Billing management;Workflow automation;Real-time updates;Compliance with HIPAA;Analytics for performance;Secure access;API support;User-friendly design
Healthcare,Electronic Health Records (EHR) System,A system that manages patient health records electronically.,"This system centralizes patient data, improving care coordination and compliance.",Patient data management;Clinical documentation;Integration with lab and imaging systems;Real-time updates;Compliance with HIPAA;Analytics for patient outcomes;API connectivity;User access controls;Customizable templates;Secure data storage
Healthcare,Patient Scheduling and Management,A system that manages patient appointments and resources.,"This system optimizes booking and patient flow, reducing wait times.",Online booking portal;Resource management;Integration with EHR systems;Real-time schedule updates;Compliance with privacy laws;Analytics for scheduling efficiency;API support;User-friendly interface;Customizable settings;Notification tools
Healthcare,Telehealth Integration Platform,A platform that integrates telehealth services with provider systems.,"This platform enables virtual consultations, expanding access to care.",Video consultation tools;Integration with EHR and scheduling;Real-time data sharing;Compliance with telehealth regulations;Analytics for telehealth usage;API connectivity;User-friendly interface;Secure communication;Customizable workflows;Patient portal access
Healthcare,Clinical Decision Support,A support system that provides evidence-based recommendations to clinicians.,"This system offers real-time guidance, improving care quality.",Evidence-based recommendations;Integration with EHR systems;Real-time alerts;Compliance with clinical guidelines;Analytics for decision trends;API support;User-friendly interface;Customizable rules;Educational resources;Secure data handling
Healthcare,Revenue Cycle Management,A system that manages the financial aspects of patient care.,"This system automates billing and collections, ensuring timely reimbursement.",Automated billing workflows;Coding support;Integration with EHR and payer systems;Real-time financial tracking;Compliance with billing regulations;Analytics for revenue performance;API connectivity;User access controls;Customizable reports;Audit logging
Healthcare,Patient Engagement Portal,A portal that enhances communication and engagement with patients.,"This portal provides access to health information and communication tools, improving satisfaction.",Secure patient access;Appointment scheduling;Health record viewing;Communication tools;Integration with provider systems;Compliance with privacy laws;Analytics for engagement metrics;API support;User-friendly design;Customizable content
Healthcare,Medical Imaging Analytics,An analytics tool for processing and interpreting medical imaging data.,"This tool uses AI to analyze imaging data, supporting diagnosis and treatment planning.",AI-powered image analysis;Integration with imaging systems;Real-time processing;Compliance with medical standards;Analytics for imaging trends;API connectivity;User-friendly interface;Secure data storage;Customizable algorithms;Reporting tools
Healthcare,Population Health Management,A system that manages health outcomes for patient populations.,This system uses data analytics to identify health trends and improve care delivery across populations.,Data aggregation;Predictive analytics;Integration with EHR systems;Real-time monitoring;Compliance with healthcare regulations;Analytics dashboard;API support;User access controls;Customizable interventions;Reporting tools
